statistic,value
count,252.0
null_count,0.0
mean,409.34109279365066
std,26.002750202413445
min,356.559998
25%,391.559998
50%,407.380005
75%,436.170013
max,457.790009
